{
  "intents": {
    "refactor": {
      "patterns": [
        ".*코드.*정리.*",
        ".*리팩터링.*",
        ".*리팩토링.*",
        ".*코드.*개선.*",
        ".*코드.*정돈.*",
        ".*코드.*깔끔하게.*",
        ".*정리해.*줘.*",
        ".*깨끗하게.*만들어.*",
        ".*코드.*가독성.*",
        ".*구조.*개선.*",
        ".*코드를.*다시.*작성.*",
        ".*더.*좋게.*만들어.*",
        ".*개선.*시켜.*줘.*"
      ],
      "response_templates": [
        "코드 리팩터링을 시작합니다.",
        "코드를 정리하고 개선하겠습니다.",
        "코드 구조를 개선하겠습니다."
      ]
    },
    "sync": {
      "patterns": [
        ".*깃.*동기화.*",
        ".*git.*sync.*",
        ".*깃허브.*연동.*",
        ".*소스.*동기화.*",
        ".*백업.*해.*줘.*",
        ".*commit.*push.*",
        ".*저장소.*업데이트.*",
        ".*변경.*사항.*올려.*",
        ".*업로드.*해.*줘.*",
        ".*푸시.*해.*줘.*"
      ],
      "response_templates": [
        "깃허브와 동기화를 시작합니다.",
        "소스 코드를 동기화하겠습니다.",
        "변경사항을 깃허브에 업로드하겠습니다."
      ]
    },
    "stop": {
      "patterns": [
        ".*종료.*",
        ".*끝.*",
        ".*그만.*",
        ".*정지.*",
        ".*멈춰.*",
        ".*닫아.*",
        ".*shutdown.*",
        ".*exit.*",
        ".*quit.*",
        ".*소리새.*안녕.*",
        ".*바이.*",
        ".*bye.*",
        ".*잠깐.*정지.*",
        ".*시스템.*꺼.*",
        ".*프로그램.*종료.*",
        ".*나가.*",
        ".*끝내.*"
      ],
      "response_templates": [
        "소리새를 종료합니다. 안녕히 가세요!",
        "시스템을 안전하게 종료하겠습니다.",
        "작업을 마치고 종료합니다. 좋은 하루 되세요!"
      ]
    },
    "help": {
      "patterns": [
        ".*도움말.*",
        ".*help.*",
        ".*무엇.*할.*수.*있.*",
        ".*어떤.*명령.*",
        ".*기능.*알려.*줘.*",
        ".*사용법.*",
        ".*명령어.*목록.*",
        ".*뭐.*할.*수.*있어.*",
        ".*설명.*해.*줘.*"
      ],
      "response_templates": [
        "소리새의 기능들을 설명해드리겠습니다.",
        "사용 가능한 명령어들을 알려드리겠습니다.",
        "도움말을 제공하겠습니다."
      ]
    },
    "greeting": {
      "patterns": [
        ".*안녕.*",
        ".*hello.*",
        ".*hi.*",
        ".*좋은.*아침.*",
        ".*좋은.*오후.*",
        ".*좋은.*저녁.*",
        ".*반가워.*",
        ".*소리새.*"
      ],
      "response_templates": [
        "안녕하세요! 무엇을 도와드릴까요?",
        "반갑습니다! 어떤 작업을 하시겠어요?",
        "소리새입니다. 명령을 말씀해주세요."
      ]
    },
    "status": {
      "patterns": [
        ".*상태.*확인.*",
        ".*어떻게.*돌아가.*",
        ".*시스템.*상태.*",
        ".*잘.*동작.*",
        ".*문제.*없.*",
        ".*정상.*동작.*",
        ".*status.*",
        ".*health.*check.*"
      ],
      "response_templates": [
        "시스템이 정상적으로 동작하고 있습니다.",
        "모든 기능이 정상입니다.",
        "소리새가 건강하게 동작 중입니다."
      ]
    },
    "test": {
      "patterns": [
        ".*테스트.*",
        ".*test.*",
        ".*검사.*해.*줘.*",
        ".*확인.*해.*봐.*",
        ".*테스트.*실행.*",
        ".*점검.*해.*줘.*",
        ".*검증.*해.*줘.*"
      ],
      "response_templates": [
        "테스트를 실행하겠습니다.",
        "시스템 검사를 시작합니다.",
        "테스트 과정을 진행하겠습니다."
      ]
    },
    "build": {
      "patterns": [
        ".*빌드.*",
        ".*build.*",
        ".*컴파일.*",
        ".*패키지.*만들어.*",
        ".*배포.*준비.*"
      ],
      "response_templates": [
        "빌드를 시작하겠습니다.",
        "프로젝트를 컴파일하겠습니다."
      ]
    },
    "creative": {
      "patterns": [
        ".*새로운.*아이디어.*",
        ".*창조.*해.*줘.*",
        ".*혁신.*기능.*",
        ".*창의적.*생각.*",
        ".*새로운.*기능.*만들어.*",
        ".*아이디어.*제안.*",
        ".*창작.*해.*줘.*",
        ".*발명.*해.*줘.*"
      ],
      "response_templates": [
        "새로운 창조적 아이디어를 생각해보겠습니다.",
        "혁신적인 기능을 제안해드리겠습니다.",
        "창의적인 해결책을 찾아보겠습니다."
      ]
    },
    "self_improve": {
      "patterns": [
        ".*스스로.*개선.*",
        ".*자가.*발전.*",
        ".*더.*똑똑해.*져.*",
        ".*진화.*해.*줘.*",
        ".*업그레이드.*",
        ".*자기.*계발.*"
      ],
      "response_templates": [
        "스스로 개선할 방법을 생각해보겠습니다.",
        "자가 발전을 위한 아이디어를 제안하겠습니다.",
        "더 나은 AI가 되기 위해 노력하겠습니다."
      ]
    }
  },
  "context_patterns": {
    "positive_confirmation": [
      ".*네.*", ".*예.*", ".*맞아.*", ".*좋아.*", 
      ".*그래.*", ".*계속.*", ".*진행.*", ".*yes.*", ".*ok.*"
    ],
    "negative_confirmation": [
      ".*아니.*", ".*싫어.*", ".*안.*해.*", ".*취소.*", 
      ".*그만.*", ".*no.*", ".*cancel.*"
    ],
    "ai_tutor_keywords": [
      ".*학습.*", ".*공부.*", ".*튜터.*", ".*가르쳐.*", ".*배우기.*", ".*수업.*"
    ],
    "game_keywords": [
      ".*게임.*", ".*퍼즐.*", ".*퀴즈.*", ".*놀이.*", ".*재미.*", ".*놀자.*"
    ],
    "encouragement_keywords": [
      ".*힘들.*", ".*어려워.*", ".*격려.*", ".*응원.*", ".*포기.*"
    ],
    "shopping_mall_keywords": [
      ".*쇼핑몰.*", ".*온라인쇼핑.*", ".*상품판매.*", ".*자율쇼핑.*", 
      ".*스마트쇼핑.*", ".*자동쇼핑.*", ".*쇼핑.*시스템.*", ".*온라인.*스토어.*"
    ],
    "multi_agent_keywords": [
      ".*멀티에이전트.*", ".*멀티.*에이전트.*", ".*다중.*ai.*", 
      ".*협업.*ai.*", ".*에이전트.*시스템.*", ".*다중.*인공지능.*",
      ".*협력.*봇.*", ".*팀.*ai.*", ".*그룹.*ai.*"
    ],
    "marketing_keywords": [
      ".*마케팅.*", ".*광고.*", ".*판매.*", ".*홍보.*", ".*브랜딩.*",
      ".*캠페인.*", ".*자동마케팅.*", ".*광고자동화.*", ".*디지털마케팅.*",
      ".*소셜마케팅.*", ".*온라인광고.*", ".*마케팅자동화.*", ".*광고운영.*",
      ".*성과분석.*", ".*고객분석.*", ".*판매분석.*", ".*ROI.*"
    ]
  }
}