{
  "learned_patterns": {},
  "user_preferences": {},
  "successful_responses": {
    "테스트": [
      "테스트를 실행하겠습니다. 모든 테스트가 성공적으로 통과했습니다!"
    ],
    "실행_테스트": [
      "테스트를 실행하겠습니다. 모든 테스트가 성공적으로 통과했습니다!",
      "테스트를 실행하겠습니다. 모든 테스트가 성공적으로 통과했습니다!"
    ],
    "정지": [
      "시스템을 안전하게 종료하겠습니다. 시스템을 종료합니다.",
      "시스템을 안전하게 종료하겠습니다. 시스템을 종료합니다.",
      "시스템을 안전하게 종료하겠습니다. 시스템을 종료합니다.",
      "시스템을 안전하게 종료하겠습니다. 시스템을 종료합니다."
    ],
    "문서": [
      "프로젝트 문서가 생성되었습니다!"
    ],
    "그만": [
      "소리새를 종료합니다. 시스템을 종료합니다.",
      "소리새를 종료합니다. 시스템을 종료합니다.",
      "소리새를 종료합니다. 시스템을 종료합니다.",
      "소리새를 종료합니다. 시스템을 종료합니다.",
      "소리새를 종료합니다. 시스템을 종료합니다.",
      "소리새를 종료합니다. 시스템을 종료합니다.",
      "소리새를 종료합니다. 시스템을 종료합니다.",
      "소리새를 종료합니다. 시스템을 종료합니다.",
      "소리새를 종료합니다. 시스템을 종료합니다."
    ],
    "빌드": [
      "프로젝트를 컴파일하겠습니다. 프로젝트 빌드가 완료되었습니다!"
    ],
    "끝": [
      "소리새를 종료합니다. 시스템을 종료합니다.",
      "소리새를 종료합니다. 시스템을 종료합니다.",
      "소리새를 종료합니다. 시스템을 종료합니다.",
      "소리새를 종료합니다. 시스템을 종료합니다.",
      "소리새를 종료합니다. 시스템을 종료합니다.",
      "소리새를 종료합니다. 시스템을 종료합니다.",
      "소리새를 종료합니다. 시스템을 종료합니다.",
      "소리새를 종료합니다. 시스템을 종료합니다.",
      "소리새를 종료합니다. 시스템을 종료합니다.",
      "소리새를 종료합니다. 시스템을 종료합니다."
    ],
    "정리": [
      "프로젝트 정리가 완료되었습니다!"
    ],
    "그만_노래_이제": [
      "소리새를 종료합니다. 시스템을 종료합니다."
    ],
    "소리새_하는": [
      "안녕하세요! 무엇을 도와드릴까요?"
    ],
    "그만_소리새": [
      "작업을 마치고 종료합니다. 시스템을 종료합니다.",
      "작업을 마치고 종료합니다. 시스템을 종료합니다.",
      "작업을 마치고 종료합니다. 시스템을 종료합니다.",
      "작업을 마치고 종료합니다. 시스템을 종료합니다.",
      "작업을 마치고 종료합니다. 시스템을 종료합니다.",
      "작업을 마치고 종료합니다. 시스템을 종료합니다.",
      "작업을 마치고 종료합니다. 시스템을 종료합니다.",
      "작업을 마치고 종료합니다. 시스템을 종료합니다.",
      "작업을 마치고 종료합니다. 시스템을 종료합니다."
    ],
    "청소": [
      "프로젝트 정리가 완료되었습니다!",
      "프로젝트 정리가 완료되었습니다!"
    ],
    "생일이_소리새_언제야": [
      "반갑습니다! 어떤 작업을 하시겠어요?",
      "반갑습니다! 어떤 작업을 하시겠어요?"
    ],
    "생일은_소리새_오늘이야": [
      "반갑습니다! 어떤 작업을 하시겠어요?",
      "반갑습니다! 어떤 작업을 하시겠어요?"
    ],
    "생일_소리새_언제": [
      "반갑습니다! 어떤 작업을 하시겠어요?"
    ],
    "생일은_소리새_언제야": [
      "반갑습니다! 어떤 작업을 하시겠어요?"
    ],
    "그만_소리_이제": [
      "소리새를 종료합니다. 시스템을 종료합니다."
    ],
    "소리새_안녕": [
      "소리새입니다. 명령을 말씀해주세요."
    ],
    "소리새": [
      "반갑습니다! 어떤 작업을 하시겠어요?",
      "반갑습니다! 어떤 작업을 하시겠어요?",
      "반갑습니다! 어떤 작업을 하시겠어요?",
      "반갑습니다! 어떤 작업을 하시겠어요?"
    ],
    "소리새_음악": [
      "반갑습니다! 어떤 작업을 하시겠어요?"
    ],
    "종료": [
      "작업을 마치고 종료합니다. 시스템을 종료합니다.",
      "작업을 마치고 종료합니다. 시스템을 종료합니다.",
      "작업을 마치고 종료합니다. 시스템을 종료합니다.",
      "작업을 마치고 종료합니다. 시스템을 종료합니다.",
      "작업을 마치고 종료합니다. 시스템을 종료합니다."
    ],
    "뭐야_소리새_이름이": [
      "안녕하세요! 무엇을 도와드릴까요?"
    ],
    "프린트": [
      "웹에서 찾은 정보입니다: 웹 검색 중 오류가 발생했습니다: 'datetime.timedelta' object has no attribute 'hours'...",
      "웹에서 찾은 정보입니다: 웹 검색 중 오류가 발생했습니다: 'datetime.timedelta' object has no attribute 'hours'...",
      "웹에서 찾은 정보입니다: 웹 검색 중 오류가 발생했습니다: 'datetime.timedelta' object has no attribute 'hours'..."
    ],
    "컴파일": [
      "프로젝트를 컴파일하겠습니다. 프로젝트 빌드가 완료되었습니다!",
      "프로젝트를 컴파일하겠습니다. 프로젝트 빌드가 완료되었습니다!"
    ],
    "생일이_소리새": [
      "소리새입니다. 명령을 말씀해주세요."
    ],
    "끝_소리새": [
      "시스템을 안전하게 종료하겠습니다. 시스템을 종료합니다."
    ],
    "시스템_종료": [
      "작업을 마치고 종료합니다. 시스템을 종료합니다."
    ]
  },
  "failed_responses": {
    "100_실내도": [
      "죄송합니다. 아직 이해하지 못하는 요청입니다. 하지만 학습해서 다음엔 더 잘 도와드리겠습니다."
    ],
    "중지": [
      "죄송합니다. 아직 이해하지 못하는 요청입니다. 하지만 학습해서 다음엔 더 잘 도와드리겠습니다."
    ],
    "프린트": [
      "죄송합니다. 아직 이해하지 못하는 요청입니다. 하지만 학습해서 다음엔 더 잘 도와드리겠습니다.",
      "죄송합니다. 아직 이해하지 못하는 요청입니다. 하지만 학습해서 다음엔 더 잘 도와드리겠습니다.",
      "죄송합니다. 아직 이해하지 못하는 요청입니다. 하지만 학습해서 다음엔 더 잘 도와드리겠습니다."
    ],
    "포맷": [
      "죄송합니다. 아직 이해하지 못하는 요청입니다. 하지만 학습해서 다음엔 더 잘 도와드리겠습니다."
    ],
    "네_생일이": [
      "죄송합니다. 아직 이해하지 못하는 요청입니다. 하지만 학습해서 다음엔 더 잘 도와드리겠습니다."
    ]
  },
  "web_search_cache": {
    "search_5205242632989959692": {
      "results": [],
      "timestamp": "2025-10-19T01:59:46.781592"
    },
    "search_5333095062345193009": {
      "results": [],
      "timestamp": "2025-10-19T05:44:51.068511"
    },
    "search_3701354105492830496": {
      "results": [],
      "timestamp": "2025-10-19T05:45:09.506432"
    },
    "search_-3669382153993940108": {
      "results": [],
      "timestamp": "2025-10-19T06:11:16.760562"
    },
    "search_-3546615677147147790": {
      "results": [],
      "timestamp": "2025-10-19T06:11:29.826513"
    },
    "search_1494266180066245426": {
      "results": [],
      "timestamp": "2025-10-19T06:21:22.341918"
    },
    "search_6293213343956580354": {
      "results": [],
      "timestamp": "2025-10-19T06:21:40.401560"
    },
    "search_3421315137550478358": {
      "results": [],
      "timestamp": "2025-10-19T06:22:02.746761"
    },
    "search_-3779250776310615747": {
      "results": [],
      "timestamp": "2025-10-19T06:22:19.045052"
    },
    "search_5592304676830342508": {
      "results": [],
      "timestamp": "2025-10-19T06:23:21.733922"
    },
    "search_-8325340157409498883": {
      "results": [],
      "timestamp": "2025-10-19T06:23:32.245902"
    },
    "search_-7235192021532171030": {
      "results": [],
      "timestamp": "2025-10-19T06:23:45.300571"
    },
    "search_7584113463305961469": {
      "results": [],
      "timestamp": "2025-10-19T06:24:07.200546"
    },
    "search_8928224078411493993": {
      "results": [],
      "timestamp": "2025-10-19T06:24:18.338242"
    },
    "search_-4944988528519382992": {
      "results": [],
      "timestamp": "2025-10-19T06:24:42.279476"
    },
    "search_-8372632229381111312": {
      "results": [],
      "timestamp": "2025-10-19T06:31:45.694012"
    },
    "search_33294798308601662": {
      "results": [],
      "timestamp": "2025-10-19T06:58:38.077882"
    },
    "search_6003754905746297209": {
      "results": [],
      "timestamp": "2025-10-19T06:58:53.451391"
    },
    "search_5259134215709528967": {
      "results": [],
      "timestamp": "2025-10-19T06:59:09.710462"
    }
  },
  "improvement_history": [],
  "capabilities": [
    "음성 인식",
    "자연어 처리",
    "코드 관리",
    "웹 검색",
    "자가 학습",
    "기능 확장"
  ]
}